participant_id,sleep_hours,reaction_time_ms
1,5.53,316.9
2,6.44,260.5
3,5.94,276.7
4,4.62,358
5,8.4,223.7
6,4.88,303.3
7,6.78,279.6
8,4.42,348.1
9,8.23,278.6
10,5.48,301.6
11,8.61,219.9
12,4.75,305.3
13,4.34,337.1
14,9.09,192.9
15,8.91,218.8
16,8.11,257.9
17,6.02,331.5
18,8.9,183.1
19,8.23,261.9
20,7.03,282.1
21,6.56,309.5
22,7.61,266.3
23,8.34,270
24,5.94,316.4
25,8.59,215.7
26,7.17,264.7
27,5.68,273.5
28,4.72,306.2
29,6,293.4
30,7.33,276.4
31,8.85,285
32,8.71,267.8
33,8.53,217.1
34,5.54,297.8
35,7.6,245.8
36,6.66,253.7
37,7.34,271.2
38,5.57,324.9
39,7.48,243.6
40,7.69,240.4
41,7.9,284.1
42,4.35,369.5
43,5.36,318
44,6.09,298.5
45,4.75,286.8
46,5.85,267.5
47,7.02,293.9
48,4.48,303
49,5.63,280.7
50,6.16,290.9
51,4.83,345.6
52,5.99,313.9
53,8.73,270.9
54,7.81,250.2
55,5.53,292.8
56,8.19,249.9
57,8.41,316.6
58,8.21,250.4
59,4.99,331.1
60,7.48,290.4
